nome;email;area_atuacao
Alison Mendonça de Almeida;alisonalmeida2012@gmail.com;Superintendência
Alysson Araujo de Macedo;alysson.macedo@gmail.com;ACerta
Amanda Sales Rodrigues Melo;amandasalesr@gmail.com;Superintendência
Ana Claudia Lima de Almeida;claudiaprofmatt@gmail.com;ACerta
Ana Cláudia Lima de Almeida;claudiaprofmatt@gmail.com;ACerta
Ana Kariny Santos Silva;anakarinyak2021@gmail.com;Vidas M
Anna Lúcia Schneider de Andrade;annaluaprender@gmail.com;Superintendência
Anna Patrícia de Souza Silva Martins;annapatricia.ssmartins@gmail.com;Brincando
Antonio Edson Alves da Silva;edson.crat@gmail.com;Vidas L
Antonio Furtado Landim Neto;landimneto@gmail.com;Vidas M
Ariana Coelho Rodrigues Rocha;arianarochaaprender@gmail.com;Superintendência
Ayla Maria Custódio Mota Paraguassú;aylaparaguassu@gmail.com;Superintendência
Claudiana Maria Guilherme Batista;claudianagb34@gmail.com;Vidas L
Danielle Holanda Nunes Fernandes;dhnfernandes@gmail.com;Avançando Juntos
Danielle Holanda Nunes Fernandes;dhnfernandes@gmail.com;Avançando Juntos
David Ribeiro Mourão;david.ojesed@gmail.com;Vidas M
Denise Carlos de Col;denisecol36@gmail.com;Superintendência
Deuzirane Nunes Silva;deuziraneaprender@gmail.com;ACerta
Diego Tavares de Sousa;professordiegotavares@gmail.com;Vidas M
Douglas Wígner Brasil Maia Coutinho;douglaswignerbrasil@gmail.com;Vidas L
Elaine Mendes Machado;ellainneediaprender23@gmail.com;Superintendência
Elisângela Soares dos Santos;zangelasoares14@gmail.com;Superintendência
Elizabete Lima da Silva;elizabetelima.aprender@gmail.com;ACerta
Estela Maria Souza da Silva;estelamariasouza@gmail.com;Vidas L
Fabíola Martins Bezerra;fabilbm06@gmail.com;Superintendência
Fabrícia Santos Macedo;fabriciasmacedo@gmail.com;Brincando
José Gabriel Souto Oliveira;profgabrielsouto@gmail.com;ACerta
Germana Mirla Veras Santana;mirlaeducacao@gmail.com;Superintendência
Glaubia Pinheiro do Nascimento Silva;glaubiapinheiro@gmail.com;Vidas L
Gleiciane de Sousa Marques;gleicianeeditoraaprender@gmail.com;ACerta
Hugo Ribeiro Reinaldo;hugoaprendereditora@gmail.com;Superintendência
Humberto Luciano Zirpolli;betozirpolli.aprender@gmail.com;ACerta
Iago de Oliveira Vasconcelos;iagoprofparticular@gmail.com;Vidas C
Francisco Icaro Maciel Forte Chaves;icarochaves.aprender@gmail.com;ACerta
Isabel Kerssia Maia de Oliveira;isabel15kerssia@gmail.com;Brincando
Janieri Scipião;janieriaajj@gmail.com;Superintendência
Jarbas Marcelino Nogueira de Oliveira;jarbasnogueiraoliveira@gmail.com;Vidas M
João de Carvalho Lima Júnior;joaojunioreditoraaprender@gmail.com;ACerta
João Marcos de Sousa dos Santos;jmmarcos825@gmail.com;Vidas L
Jonathan Araújo Cavalcante;apoio.coordenacao4@aprendereditora.com.br;Superintendência
Júlia Rodrigues Mouta;juliarmouta@gmail.com;Superintendência
Juliana Guerreiro Lichy Cardoso;julianalichyaprender@gmail.com;Superintendência
Lidiane Oliveira da Silva Moraes;psicopedagogalidianemoraes@gmail.com;Brincando
Lyziane Maria Costa Setubal;lyzaprender@gmail.com;Superintendência
Marcela Sousa Costa;marcelatia.ms@gmail.com;Superintendência
Marcos Randall Oliveira de Freitas;randall.ufc@gmail.com;Vidas L
Maria Auxiliadora da Silva;professoraauxiliadora.uece@gmail.com;Brincando
Maria Joelma Alves Pimentel;mariajoelma.alves40@gmail.com;Brincando
Maria Leidiane de Sousa Silva;leidianesousa554@gmail.com;Brincando
Alessandra Michele Macedo Rondon;michelerondonaprender@gmail.com;ACerta
Michella Rita Santos Fonseca;michellatrue@gmail.com;Vidas M
Milena Teixeira de Lima Barbosa;profa.millenateixeira@gmail.com;Superintendência
Mônica Maria Cosmo Vieira Uchôa;monykauchoa@gmail.com;Superintendência
Mônica da Silva Miranda;monica2803miranda@gmail.com;Brincando
Nadyelle Carvalho Pinheiro;nadyellecpsi@gmail.com;Superintendência
Natália Gomes Macedo;nataliagomesmacedo22@gmail.com;Brincando
Noilma Costa Silva;noisilva40@gmail.com;Brincando
Patrycia Lanne da Silveira;patyinsty@gmail.com;Vidas L
Penélope Alberto Rodrigues;pel.aprender@gmail.com;Superintendência
Francisca Poliane Lima de Oliveira;meuemaildaaprender@gmail.com;ACerta
Raul Vasconcelos Rodrigues;raulrodrigues25@gmail.com;Vidas C
Rayane Maria Laurentino Silva;rayanelaurentino.aprender@gmail.com;Superintendência
Regianio Daniel Lima;danielregianio@gmail.com;Vidas M
Ricardo Ítalo Maciel Forte Chaves;ricardocodu@gmail.com;Superintendência
Rochelly Alinne Azevedo Stedile;rochellystedile@gmail.com;Superintendência
Rodolfo Sena da Penha;rodolfo.sena25@gmail.com;Avançando Juntos
Rodrigo Lima Mota;rodrigolmota2013@gmail.com;Superintendência
Rosilene Barbosa da Silva;rosilene.barbosa0411@gmail.com;Vidas L
Sandra Maria Soeiro Dias;sandra_soeiro@uvanet.br;Superintendência
Silvia de Jesus Sacramento;sacramentosilvia.editora@gmail.com;Brincando
Simone Maria Garcia;simonegarcia147@gmail.com;Superintendência
Thaís Borges Moreira;thais.ufc.93@gmail.com;Vidas C
Thomas Sousa dos Santos;matematica.thomas@gmail.com;Vidas M
Valdiana dos Santos Sobreira;val.aprender19@gmail.com;Superintendência
Viviane de Aquino Queiroz Nunes;vivianeaquino.aprender@gmail.com;ACerta
